SampleID,Illumina,lat,long,Sample_code,Year,Host.genus,Host,Site,Location,Location.state,Wash,Plant_Part,Range,Q1,Q2,Q3,Q4,Rain_mm_30yr_Av,Tmean_C_30yr,BIO1,BIO2,BIO3,BIO4,BIO5,BIO6,BIO7,BIO8,BIO9,BIO10,BIO11,BIO12,BIO13,BIO14,BIO15,BIO16,BIO17,BIO18,BIO19,Prec.09,Tmax.09,Prec.18,Tmax.18
FA.Ar.g.1,FAArg1,26.584783,-99.149978,FA_Ar_g_1,2017,Aristida,Aristida,Falcon Lake,US,TX,Unwashed,Leaf Green,Native,N,N,N,N,500.67,23.64,22.88176557,12.23043378,42.27075574,615.5094375,36.68286775,7.749735999,28.93313174,27.30528048,16.30816036,29.79140594,14.6387026,537.1712045,106,14.83784075,57.45262452,212.1730415,63.83784075,167.1603222,72,34.73684298,29.98670884,59.35312566,29.17543458
DA.Bi.g.1,DABig1,28.5103,-98.442831,DA_Bi_g_1,2017,Bothriochloa,Bothriocloa_ischaemum,Daughtry,US,TX,Unwashed,Leaf Green,Invasive,N,N,N,N,633.03,21.93,21.61133588,13.49399542,43.1118044,655.5377302,36.40000153,5.099999905,31.30000114,26.55882044,14.63333321,29.13051848,13.03933774,629.2876739,93,24,41.17597706,213.5659478,96.83111392,183.8311139,101.8311139,46.46849096,29.199477,56.61098941,28.76598081
BG.ITS.27,BGITS27,27.168617,-97.929907,LP_Bi_g_2,2016,Bothriochloa,Bothriocloa_ischaemum,La Paloma,US,TX,Unwashed,Leaf Green,Invasive,N,Y,N,N,660.7,22.61,22.19640695,11.70316951,42.54688385,579.1114697,34.97340441,7.46688282,27.50652174,26.37446801,16.02485209,28.77259319,14.52190013,646.5555479,108.9347879,19.02362789,49.97163623,251.17712,90.02362789,202.2423321,100,39.20466641,28.83657425,62.51075301,28.05674848
BG.ITS.28,BGITS28,27.168595,-97.929943,LP_Bi_g_3,2016,Bothriochloa,Bothriocloa_ischaemum,La Paloma,US,TX,Unwashed,Leaf Green,Invasive,N,Y,N,N,660.7,22.61,22.19628694,11.70326152,42.54676556,579.1142496,34.97314041,7.46632631,27.50681426,26.37438001,16.02461534,28.77240995,14.52169138,646.5622228,108.9318628,19.02502278,49.96915145,251.17544,90.02502278,202.2435772,100,39.20460613,28.83660026,62.51014559,28.05676357
x3,x3,28.271464,-100.165357,TX_IF_Wet_Bouteloua,2015,Bouteloua,Bouteloua_curtipendula,Indio Faith,US,TX,Unwashed,Leaf Green,Native,N,Y,N,N,525.34,22.23,21.43280097,13.93353163,44.64795487,660.0613736,36.29999924,5.092431912,31.20756688,25.84956795,13.5154051,28.96623475,12.78207151,503.4423077,87,16,57.12424101,201.4423077,54,153.07568,59,37.33029014,29.07245111,44.47767366,28.30077304
BG.ITS.14,BGITS14,28.271302,-100.165182,IF_Bc_g_2,2016,Bouteloua,Bouteloua_curtipendula,Indio Faith,US,TX,Unwashed,Leaf Green,Native,N,Y,N,N,525.34,22.23,21.43294733,13.93350039,44.65062868,660.0548546,36.29999924,5.09437591,31.20562288,25.84969871,13.51572909,28.96636551,12.78239551,503.3981194,87,16,57.12322855,201.3981194,54,153.05624,59,37.33069103,29.07258501,44.47762563,28.30091976
BG.ITS.15,BGITS15,28.271268,-100.165225,IF_Bc_g_3,2016,Bouteloua,Bouteloua_curtipendula,Indio Faith,US,TX,Unwashed,Leaf Green,Native,N,Y,N,N,525.34,22.23,21.43297303,13.93348379,44.65115776,660.0529844,36.29999924,5.09478391,31.20521488,25.84971611,13.51579709,28.96638291,12.7824635,503.3972074,87,16,57.12321076,201.3972074,54,153.05216,59,37.3302007,29.0725857,44.47746852,28.30092483
x5,x5,33.409545,-111.876098,AZ_Wet_C_cenchrus,2015,Cenchrus,Cenchrus_ciliaris,Arizona,US,AZ,Unwashed,Leaf Green,Invasive,N,N,Y,N,236.64,22.46,22.17162458,16.35584003,45.20987604,778.0511421,40.91305912,4.735459945,36.1775989,31.51528698,25.36773011,31.78964844,12.98462436,221.39552,30.2376621,2,47.38243706,73.2376621,13,54.2376621,70.36824,15.2707642,30.34108069,19.21462903,30.34297244
CA.BG.g.1,CABGg1,28.34375,-99.615803,CA_BG_g_1,2017,Cenchrus,Cenchrus_ciliaris,Catarina,US,TX,Unwashed,Leaf Green,Invasive,N,N,Y,N,495.47,22.51,21.95057224,13.70122041,43.16698521,669.2672174,37.02499962,5.284909133,31.74009115,26.61239544,13.17665167,29.63412103,13.17665167,532.99545,74.39636,23,45.37507322,189.80182,72.70273,165.39636,72.70273,40.94764658,29.51464562,43.82769468,28.75583418
BG.ITS.33,BGITS33,28.510505,-98.442656,DA_BG_g_1,2016,Cenchrus,Cenchrus_ciliaris,Daughtry,US,TX,Unwashed,Leaf Green,Invasive,N,N,Y,N,633.03,21.93,21.61151087,13.49364543,43.11068616,655.5373625,36.40000153,5.099999905,31.30000114,26.55882437,14.63333321,29.13086455,13.03968776,629.3750384,93,24,41.16247116,213.5618769,96.85187843,183.8518784,101.8518784,46.47137318,29.19880259,56.61235895,28.76542291
BG.ITS.34,BGITS34,28.51052,-98.442701,DA_BG_g_2,2016,Cenchrus,Cenchrus_ciliaris,Daughtry,US,TX,Unwashed,Leaf Green,Invasive,N,N,Y,N,633.03,21.93,21.61146587,13.49373543,43.11097371,655.5399307,36.40000153,5.099999905,31.30000114,26.55873719,14.63333321,29.13086173,13.03959775,629.3658691,93,24,41.16299362,213.5651382,96.85170909,183.8517091,101.8517091,46.47097759,29.19879954,56.61140244,28.76541893
BG.ITS.35,BGITS35,28.510527,-98.442755,DA_BG_g_3,2016,Cenchrus,Cenchrus_ciliaris,Daughtry,US,TX,Unwashed,Leaf Green,Invasive,N,N,Y,N,633.03,21.93,21.61141187,13.49384343,43.11131876,655.5426265,36.40000153,5.099999905,31.30000114,26.55864603,14.63333321,29.1308449,13.03948975,629.3527391,93,24,41.16409396,213.5687583,96.85069914,183.8506991,101.8506991,46.47044764,29.19882445,56.61035328,28.76543802
BG.ITS.36,BGITS36,26.584573,-99.14997,FA_BG_g_1,2016,Cenchrus,Cenchrus_ciliaris,Falcon Lake,US,TX,Unwashed,Leaf Green,Invasive,N,N,Y,N,500.67,23.64,22.88280202,12.23258923,42.27424848,615.5173686,36.68548376,7.749639999,28.93584375,27.30633973,16.3094869,29.79270049,14.63979387,537.1455468,106,14.82564446,57.45921246,212.1476889,63.82564446,167.1722134,72,34.73815957,29.98901161,59.35880655,29.17768105
BG.ITS.37,BGITS37,26.584573,-99.14997,FA_BG_g_2,2016,Cenchrus,Cenchrus_ciliaris,Falcon Lake,US,TX,Unwashed,Leaf Green,Invasive,N,N,Y,N,500.67,23.64,22.88280202,12.23258923,42.27424848,615.5173686,36.68548376,7.749639999,28.93584375,27.30633973,16.3094869,29.79270049,14.63979387,537.1455468,106,14.82564446,57.45921246,212.1476889,63.82564446,167.1722134,72,34.73815957,29.98901161,59.35880655,29.17768105
BG.ITS.38,BGITS38,26.584515,-99.149943,FA_BG_g_3,2016,Cenchrus,Cenchrus_ciliaris,Falcon Lake,US,TX,Unwashed,Leaf Green,Invasive,N,N,Y,N,500.67,23.64,22.8832112,12.23369208,42.27609834,615.5191108,36.68650376,7.749315997,28.93718775,27.30666397,16.31006538,29.79317098,14.64022611,537.1359805,106,14.82335009,57.46113078,212.1398602,63.82335009,167.1727703,72,34.73876837,29.9897999,59.36064467,29.17845501
x1,x1,28.271468,-100.165311,TX_IF_Wet_C_cenchrus,2015,Cenchrus,Cenchrus_ciliaris,Indio Faith,US,TX,Unwashed,Leaf Green,Invasive,Y,Y,Y,N,525.34,22.23,21.4328011,13.93353989,44.64791279,660.061909,36.29999924,5.092383912,31.20761488,25.84957222,13.5153971,28.96623901,12.78206351,503.4382594,87,16,57.12414625,201.4382594,54,153.07616,59,37.33064329,29.07246521,44.47776786,28.30078576
x2,x2,28.271468,-100.165311,TX_IF_Dry_C_cenchrus,2015,Cenchrus,Cenchrus_ciliaris,Indio Faith,US,TX,Unwashed,Leaf Dry,Invasive,Y,Y,N,N,525.34,22.23,21.4328011,13.93353989,44.64791279,660.061909,36.29999924,5.092383912,31.20761488,25.84957222,13.5153971,28.96623901,12.78206351,503.4382594,87,16,57.12414625,201.4382594,54,153.07616,59,37.33064329,29.07246521,44.47776786,28.30078576
BG.ITS.01,BGITS01,28.277308,-100.161691,IF_BG_g_3,2016,Cenchrus,Cenchrus_ciliaris,Indio Faith,US,TX,Unwashed,Leaf Green,Invasive,Y,Y,Y,N,525.34,22.23,21.43158001,13.93756144,44.56077127,660.6746705,36.29999924,5.022303979,31.27769515,25.85036125,13.50371728,28.970264,12.77038369,504.651,86.90292,16,57.06263496,202.45684,54.19416,153.77696,59.09708,37.38984617,29.07149192,44.49876642,28.29915209
BG.ITS.02,BGITS02,28.277567,-100.16174,IF_BG_g_4,2016,Cenchrus,Cenchrus_ciliaris,Indio Faith,US,TX,Unwashed,Leaf Green,Invasive,Y,Y,Y,N,525.34,22.23,21.43132521,13.93793288,44.55752438,660.6864103,36.29999924,5.019195982,31.28080316,25.85029216,13.50319928,28.9699989,12.7698657,504.70728,86.9088,16,57.06930338,202.52488,54.1824,153.80804,59.0912,37.3909302,29.0713701,44.4992969,28.29900525
BG.ITS.03,BGITS03,28.271504,-100.165295,IF_BG_g_5,2016,Cenchrus,Cenchrus_ciliaris,Indio Faith,US,TX,Unwashed,Leaf Green,Invasive,Y,Y,Y,N,525.34,22.23,21.43277225,13.93355418,44.64734208,660.0637248,36.29999924,5.091951912,31.20804689,25.84955051,13.5153251,28.9662173,12.78199151,503.442374,87,16,57.12423837,201.442374,54,153.08048,59,37.33094988,29.07245436,44.47787983,28.3007709
BG.ITS.04,BGITS04,28.277421,-100.161601,IF_BG_g_6,2016,Cenchrus,Cenchrus_ciliaris,Indio Faith,US,TX,Unwashed,Leaf Green,Invasive,Y,Y,Y,N,525.34,22.23,21.43167033,13.93741232,44.55836003,660.6962744,36.29999924,5.02094798,31.27905116,25.85037702,13.50349128,28.97063976,12.77015769,504.68892,86.89212,16,57.05362431,202.47316,54.21576,153.79052,59.10788,37.39118855,29.07149098,44.49923354,28.29913825
BG.ITS.05,BGITS05,28.277419,-100.161762,IF_BG_g_7,2016,Cenchrus,Cenchrus_ciliaris,Indio Faith,US,TX,Unwashed,Leaf Green,Invasive,Y,Y,Y,N,525.34,22.23,21.43137952,13.93785977,44.5598245,660.6722602,36.29999924,5.02097198,31.27902716,25.85030992,13.50349528,28.96992867,12.77016169,504.66912,86.91144,16,57.07084437,202.492,54.17712,153.79028,59.08856,37.38992091,29.07141637,44.49888817,28.29906671
BG.ITS.06,BGITS06,28.271359,-100.165259,IF_BG_g_8,2016,Cenchrus,Cenchrus_ciliaris,Indio Faith,US,TX,Unwashed,Leaf Green,Invasive,Y,Y,Y,N,525.34,22.23,21.43289564,13.93351099,44.64968663,660.0571286,36.29999924,5.093691911,31.20630688,25.84965231,13.5156151,28.96631911,12.78228151,503.4154709,87,16,57.12362667,201.4154709,54,153.06308,59,37.33043946,29.07253273,44.47761437,28.30086329
BG.ITS.07,BGITS07,28.271464,-100.165357,IF_BG_g_9,2016,Cenchrus,Cenchrus_ciliaris,Indio Faith,US,TX,Unwashed,Leaf Green,Invasive,Y,Y,Y,N,525.34,22.23,21.43280097,13.93353163,44.64795487,660.0613736,36.29999924,5.092431912,31.20756688,25.84956795,13.5154051,28.96623475,12.78207151,503.4423077,87,16,57.12424101,201.4423077,54,153.07568,59,37.33029014,29.07245111,44.47767366,28.30077304
BG.ITS.08,BGITS08,28.271417,-100.165354,IF_BG_g_10,2016,Cenchrus,Cenchrus_ciliaris,Indio Faith,US,TX,Unwashed,Leaf Green,Invasive,Y,Y,Y,N,525.34,22.23,21.43284079,13.93351727,44.6487137,660.0592179,36.29999924,5.092995911,31.20700288,25.8496006,13.5154991,28.96626739,12.78216551,503.4345854,87,16,57.12406592,201.4345854,54,153.07004,59,37.33006254,29.0724736,44.47757176,28.30080026
BG.ITS.09,BGITS09,28.277493,-100.161715,IF_BG_g_11,2016,Cenchrus,Cenchrus_ciliaris,Indio Faith,US,TX,Unwashed,Leaf Green,Invasive,Y,Y,Y,N,525.34,22.23,21.43141735,13.93779565,44.55835266,660.6846555,36.29999924,5.020083981,31.27991516,25.8503157,13.50334728,28.97012244,12.77001369,504.69252,86.9058,16,57.06622111,202.50412,54.1884,153.79916,59.0942,37.39070665,29.07141013,44.49916875,28.29905223
BG.ITS.10,BGITS10,28.277416,-100.161706,IF_BG_g_12,2016,Cenchrus,Cenchrus_ciliaris,Indio Faith,US,TX,Unwashed,Leaf Green,Invasive,Y,Y,Y,N,525.34,22.23,21.43148306,13.9377008,44.55936773,660.6803429,36.29999924,5.02100798,31.27899116,25.85033398,13.50350128,28.97017673,12.77016769,504.67512,86.90472,16,57.06483446,202.48456,54.19056,153.78992,59.09528,37.3903409,29.07144373,44.49899925,28.29909337
BG.ITS.11,BGITS11,28.271529,-100.165083,IF_BG_g_13,2016,Cenchrus,Cenchrus_ciliaris,Indio Faith,US,TX,Unwashed,Leaf Green,Invasive,Y,Y,Y,N,525.34,22.23,21.43276907,13.9335978,44.64705344,660.0666702,36.29999924,5.091651913,31.20834689,25.84956913,13.5152751,28.96623592,12.78194151,503.4251691,87,16,57.12383455,201.4251691,54,153.08348,59,37.3326137,29.07251662,44.47832961,28.30082613
BG.ITS.12,BGITS12,28.271489,-100.165081,IF_BG_g_14,2016,Cenchrus,Cenchrus_ciliaris,Indio Faith,US,TX,Unwashed,Leaf Green,Invasive,Y,Y,Y,N,525.34,22.23,21.43280162,13.93358291,44.64769071,660.064702,36.29999924,5.092131912,31.20786689,25.84959424,13.5153551,28.96626104,12.78202151,503.4183425,87,16,57.1236798,201.4183425,54,153.07868,59,37.33241494,29.07253534,44.47824139,28.30084888
BG.ITS.13,BGITS13,28.271444,-100.165072,IF_BG_g_15,2016,Cenchrus,Cenchrus_ciliaris,Indio Faith,US,TX,Unwashed,Leaf Green,Invasive,Y,Y,Y,N,525.34,22.23,21.43283871,13.93356711,44.64841066,660.0625348,36.29999924,5.092671912,31.20732688,25.84962343,13.5154451,28.96629023,12.78211151,503.4099657,87,16,57.12348949,201.4099657,54,153.07328,59,37.33224001,29.07255873,44.4781546,28.30087667
IF.BG.EtOH.b1,IFBGEtOHb1,28.271468,-100.165311,IF_BG_EtOH_b1,2017,Cenchrus,Cenchrus_ciliaris,Indio Faith,US,TX,Ethanol,Leaf Dry,Invasive,N,N,N,N,525.34,22.23,21.4328011,13.93353989,44.64791279,660.061909,36.29999924,5.092383912,31.20761488,25.84957222,13.5153971,28.96623901,12.78206351,503.4382594,87,16,57.12414625,201.4382594,54,153.07616,59,37.33064329,29.07246521,44.47776786,28.30078576
IF.BG.EtOH.b2,IFBGEtOHb2,28.271468,-100.165311,IF_BG_EtOH_b2,2017,Cenchrus,Cenchrus_ciliaris,Indio Faith,US,TX,Ethanol,Leaf Dry,Invasive,N,N,N,N,525.34,22.23,21.4328011,13.93353989,44.64791279,660.061909,36.29999924,5.092383912,31.20761488,25.84957222,13.5153971,28.96623901,12.78206351,503.4382594,87,16,57.12414625,201.4382594,54,153.07616,59,37.33064329,29.07246521,44.47776786,28.30078576
IF.BG.EtOH.g1,IFBGEtOHg1,28.271468,-100.165311,IF_BG_EtOH_g1,2017,Cenchrus,Cenchrus_ciliaris,Indio Faith,US,TX,Ethanol,Leaf Green,Invasive,N,N,N,N,525.34,22.23,21.4328011,13.93353989,44.64791279,660.061909,36.29999924,5.092383912,31.20761488,25.84957222,13.5153971,28.96623901,12.78206351,503.4382594,87,16,57.12414625,201.4382594,54,153.07616,59,37.33064329,29.07246521,44.47776786,28.30078576
IF.BG.EtOH.g2,IFBGEtOHg2,28.271468,-100.165311,IF_BG_EtOH_g2,2017,Cenchrus,Cenchrus_ciliaris,Indio Faith,US,TX,Ethanol,Leaf Green,Invasive,N,N,N,N,525.34,22.23,21.4328011,13.93353989,44.64791279,660.061909,36.29999924,5.092383912,31.20761488,25.84957222,13.5153971,28.96623901,12.78206351,503.4382594,87,16,57.12414625,201.4382594,54,153.07616,59,37.33064329,29.07246521,44.47776786,28.30078576
IF.BG.EtOH.l1,IFBGEtOHl1,28.271468,-100.165311,IF_BG_EtOH_l1,2017,Cenchrus,Cenchrus_ciliaris,Indio Faith,US,TX,Ethanol,Litter,Invasive,N,N,N,Y,525.34,22.23,21.4328011,13.93353989,44.64791279,660.061909,36.29999924,5.092383912,31.20761488,25.84957222,13.5153971,28.96623901,12.78206351,503.4382594,87,16,57.12414625,201.4382594,54,153.07616,59,37.33064329,29.07246521,44.47776786,28.30078576
IF.BG.EtOH.l2,IFBGEtOHl2,28.271468,-100.165311,IF_BG_EtOH_l2,2017,Cenchrus,Cenchrus_ciliaris,Indio Faith,US,TX,Ethanol,Litter,Invasive,N,N,N,Y,525.34,22.23,21.4328011,13.93353989,44.64791279,660.061909,36.29999924,5.092383912,31.20761488,25.84957222,13.5153971,28.96623901,12.78206351,503.4382594,87,16,57.12414625,201.4382594,54,153.07616,59,37.33064329,29.07246521,44.47776786,28.30078576
IF.BG.EtOH.r1,IFBGEtOHr1,28.271468,-100.165311,IF_BG_EtOH_r1,2017,Cenchrus,Cenchrus_ciliaris,Indio Faith,US,TX,Ethanol,Root,Invasive,N,N,N,Y,525.34,22.23,21.4328011,13.93353989,44.64791279,660.061909,36.29999924,5.092383912,31.20761488,25.84957222,13.5153971,28.96623901,12.78206351,503.4382594,87,16,57.12414625,201.4382594,54,153.07616,59,37.33064329,29.07246521,44.47776786,28.30078576
IF.BG.EtOH.r2,IFBGEtOHr2,28.271468,-100.165311,IF_BG_EtOH_r2,2017,Cenchrus,Cenchrus_ciliaris,Indio Faith,US,TX,Ethanol,Root,Invasive,N,N,N,Y,525.34,22.23,21.4328011,13.93353989,44.64791279,660.061909,36.29999924,5.092383912,31.20761488,25.84957222,13.5153971,28.96623901,12.78206351,503.4382594,87,16,57.12414625,201.4382594,54,153.07616,59,37.33064329,29.07246521,44.47776786,28.30078576
IF.BG.g.16,IFBGg16,28.271512,-100.165297,IF_BG_g_16,2017,Cenchrus,Cenchrus_ciliaris,Indio Faith,US,TX,Unwashed,Leaf Green,Invasive,Y,Y,Y,N,525.34,22.23,21.43276541,13.93355648,44.64721249,660.064085,36.29999924,5.091855912,31.20814289,25.84954481,13.5153091,28.96621161,12.78197551,503.443851,87,16,57.12427195,201.443851,54,153.08144,59,37.33097791,29.07245003,44.47789444,28.30076579
IF.BG.g.17,IFBGg17,28.271455,-100.165315,IF_BG_g_17,2017,Cenchrus,Cenchrus_ciliaris,Indio Faith,US,TX,Unwashed,Leaf Green,Invasive,Y,Y,Y,N,525.34,22.23,21.43281169,13.93353506,44.64811994,660.0612699,36.29999924,5.092539912,31.20745888,25.84958039,13.5154231,28.96624718,12.78208951,503.4366002,87,16,57.12410894,201.4366002,54,153.0746,59,37.33054544,29.07246975,44.47773072,28.3007917
IF.BG.g.18,IFBGg18,28.276966,-100.161661,IF_BG_g_18,2017,Cenchrus,Cenchrus_ciliaris,Indio Faith,US,TX,Unwashed,Leaf Green,Invasive,Y,Y,Y,N,525.34,22.23,21.43185766,13.93717057,44.565377,660.6542372,36.29999924,5.026407975,31.27359114,25.8504435,13.50440127,28.97046624,12.77106768,504.57252,86.89932,16,57.05754175,202.37116,54.20136,153.73592,59.10068,37.38814168,29.07163604,44.49799152,28.29932986
IF.BG.g.19,IFBGg19,28.276935,-100.161715,IF_BG_g_19,2017,Cenchrus,Cenchrus_ciliaris,Indio Faith,US,TX,Unwashed,Leaf Green,Invasive,Y,Y,Y,N,525.34,22.23,21.43177515,13.93729023,44.56629028,660.6437321,36.29999924,5.026779974,31.27321913,25.85042082,13.50446327,28.97022757,12.77112968,504.5586,86.9058,16,57.06315262,202.3702,54.1884,153.7322,59.0942,37.3875472,29.0716231,44.49780252,28.29932099
IF.BG.sl.1,IFBGsl1,28.252177,-100.144616,IF_BG_sl_1,2017,Cenchrus,Cenchrus_ciliaris,Indio Faith,US,TX,Washed,Leaf Green,Invasive,N,N,Y,N,526.86,22.32,21.45437929,13.89727516,44.53759388,661.0007571,36.30348712,5.099999905,31.20348674,25.85846685,13.51968237,29.00359728,12.78634878,500.6870819,86,15.14608,57.06445228,200,54.25728194,152.7263619,58.94219806,37.2019361,29.09681837,44.24662104,28.32631206
IF.BG.ul.1,IFBGul1,28.252177,-100.144616,IF_BG_ul_1,2017,Cenchrus,Cenchrus_ciliaris,Indio Faith,US,TX,Unwashed,Leaf Green,Invasive,N,N,Y,N,526.86,22.32,21.45437929,13.89727516,44.53759388,661.0007571,36.30348712,5.099999905,31.20348674,25.85846685,13.51968237,29.00359728,12.78634878,500.6870819,86,15.14608,57.06445228,200,54.25728194,152.7263619,58.94219806,37.2019361,29.09681837,44.24662104,28.32631206
x4,x4,0.34503,36.91274,Kenya_Wet_C_cenchrus,2015,Cenchrus,Cenchrus_ciliaris,Kenya,Kenya,Kenya,Unwashed,Leaf Green,Native,N,N,Y,N,637.31,18.3,18.31565872,14.64912689,81.34196168,63.16683576,27.5242072,9.514844768,18.0093624,19.13132645,18.19969134,19.13132645,17.64873206,828.6056525,172.4946131,20.11964736,63.67810267,347.2700973,92.50738944,338.6960499,151.018329,44.51335387,25.89719871,68.34525535,26.11059669
KM.BG.ff.1,KMBGFF1,0.291336,36.897805,KM_BG_ff_1,2017,Cenchrus,Cenchrus_ciliaris,Kenya Mpala,Kenya,Kenya Mpala,Unwashed,Leaf Green,Native,N,N,Y,N,637.31,18.3,17.99935248,14.63484392,80.8554917,62.15878361,27.22849258,9.128492758,18.09999926,18.79717955,17.87050738,18.79717955,17.34132207,809.6697063,159.4368966,19.69692,59.07952847,325.9531532,91.45504829,325.9531532,160.7634,43.49168162,25.56838703,66.6325299,25.77144202
KM.BG.g.cf1,KMBGgCF1,0.34503,36.91274,KM_BG_g_cf1,2017,Cenchrus,Cenchrus_ciliaris,Kenya Mpala,Kenya,Kenya Mpala,Unwashed,Leaf Green,Native,N,N,Y,N,637.31,18.3,18.31565872,14.64912689,81.34196168,63.16683576,27.5242072,9.514844768,18.0093624,19.13132645,18.19969134,19.13132645,17.64873206,828.6056525,172.4946131,20.11964736,63.67810267,347.2700973,92.50738944,338.6960499,151.018329,44.51335387,25.89719871,68.34525535,26.11059669
KM.BG.g.cf2,KMBGgCF2,0.34503,36.91274,KM_BG_g_cf2,2017,Cenchrus,Cenchrus_ciliaris,Kenya Mpala,Kenya,Kenya Mpala,Unwashed,Leaf Green,Native,N,N,Y,N,637.31,18.3,18.31565872,14.64912689,81.34196168,63.16683576,27.5242072,9.514844768,18.0093624,19.13132645,18.19969134,19.13132645,17.64873206,828.6056525,172.4946131,20.11964736,63.67810267,347.2700973,92.50738944,338.6960499,151.018329,44.51335387,25.89719871,68.34525535,26.11059669
KM.BG.g.cs1,KMBGgcs1,0.28464,36.90813,KM_BG_g_cs1,2017,Cenchrus,Cenchrus_ciliaris,Kenya Mpala,Kenya,Kenya Mpala,Unwashed,Leaf Green,Native,N,N,Y,N,637.31,18.3,18.03855762,14.60899683,80.64030709,62.68128168,27.2820021,9.165680006,18.11632147,18.83802238,17.9076879,18.83802238,17.37488892,820.041937,162.3752518,20,59.54740953,330.9945814,93.16445184,330.9945814,159.5719741,43.82304256,25.55181291,67.12501392,25.75439773
KM.BG.g.cs2,KMBGgcs2,0.28464,36.90813,KM_BG_g_cs2,2017,Cenchrus,Cenchrus_ciliaris,Kenya Mpala,Kenya,Kenya Mpala,Unwashed,Leaf Green,Native,N,N,Y,N,637.31,18.3,18.03855762,14.60899683,80.64030709,62.68128168,27.2820021,9.165680006,18.11632147,18.83802238,17.9076879,18.83802238,17.37488892,820.041937,162.3752518,20,59.54740953,330.9945814,93.16445184,330.9945814,159.5719741,43.82304256,25.55181291,67.12501392,25.75439773
KM.BG.g.db1,KMBGgdb1,0.46289,36.86576,KM_BG_g_db1,2017,Cenchrus,Cenchrus_ciliaris,Kenya Mpala,Kenya,Kenya Mpala,Unwashed,Leaf Green,Native,N,N,Y,N,637.31,18.3,18.47580361,14.8276006,82.37555593,64.01213173,27.64848048,9.648480149,18,19.3237331,18.36673872,19.3237331,17.81643316,808.7233837,174.1093837,19.438,65.65738257,347.4865837,89.314,347.4865837,152.2948,47.28725119,26.48389305,73.30246468,26.71751122
KM.BG.g.db2,KMBGgdb2,0.46289,36.86576,KM_BG_g_db2,2017,Cenchrus,Cenchrus_ciliaris,Kenya Mpala,Kenya,Kenya Mpala,Unwashed,Leaf Green,Native,N,N,Y,N,637.31,18.3,18.47580361,14.8276006,82.37555593,64.01213173,27.64848048,9.648480149,18,19.3237331,18.36673872,19.3237331,17.81643316,808.7233837,174.1093837,19.438,65.65738257,347.4865837,89.314,347.4865837,152.2948,47.28725119,26.48389305,73.30246468,26.71751122
KM.BG.g.el1,KMBGgel1,0.46732,36.93677,KM_BG_g_el1,2017,Cenchrus,Cenchrus_ciliaris,Kenya Mpala,Kenya,Kenya Mpala,Unwashed,Leaf Green,Native,N,N,Y,N,637.31,18.3,18.61977425,14.86230906,83.02966344,66.01174792,27.80875927,9.908759652,17.89999962,19.47635143,18.52458199,19.47635143,17.91847944,819.2174608,177.0211965,19.47226784,68.74900246,356.8301286,90.5968,356.8301286,136.0137357,46.61160189,26.5079238,71.65500833,26.7426464
KM.BG.g.el2,KMBGgel2,0.46732,36.93677,KM_BG_g_el2,2017,Cenchrus,Cenchrus_ciliaris,Kenya Mpala,Kenya,Kenya Mpala,Unwashed,Leaf Green,Native,N,N,Y,N,637.31,18.3,18.61977425,14.86230906,83.02966344,66.01174792,27.80875927,9.908759652,17.89999962,19.47635143,18.52458199,19.47635143,17.91847944,819.2174608,177.0211965,19.47226784,68.74900246,356.8301286,90.5968,356.8301286,136.0137357,46.61160189,26.5079238,71.65500833,26.7426464
KM.BG.g.lj1,KMBGglj1,0.34344,36.92721,KM_BG_g_lj1,2017,Cenchrus,Cenchrus_ciliaris,Kenya Mpala,Kenya,Kenya Mpala,Unwashed,Leaf Green,Native,N,N,Y,N,637.31,18.3,18.46518923,14.6285556,81.36922152,64.38979581,27.67128065,9.693256392,17.97802379,19.28168536,18.36081503,19.28168536,17.77748119,848.087089,177.8452272,20.93256544,64.51392131,357.2509235,96.51049632,303.3858755,148.8151728,45.56489327,25.99479477,70.02638263,26.20862667
KM.BG.g.lj2,KMBGglj2,0.34344,36.92721,KM_BG_g_lj2,2017,Cenchrus,Cenchrus_ciliaris,Kenya Mpala,Kenya,Kenya Mpala,Unwashed,Leaf Green,Native,N,N,Y,N,637.31,18.3,18.46518923,14.6285556,81.36922152,64.38979581,27.67128065,9.693256392,17.97802379,19.28168536,18.36081503,19.28168536,17.77748119,848.087089,177.8452272,20.93256544,64.51392131,357.2509235,96.51049632,303.3858755,148.8151728,45.56489327,25.99479477,70.02638263,26.20862667
KM.BG.g.me1,KMBGgme1,0.29406,36.90068,KM_BG_g_me1,2017,Cenchrus,Cenchrus_ciliaris,Kenya Mpala,Kenya,Kenya Mpala,Unwashed,Leaf Green,Native,N,N,Y,N,637.31,18.3,18.09438817,14.6233114,80.79177891,62.35067724,27.32797596,9.227976449,18.09999864,18.88663268,17.97042355,18.88663268,17.43114259,824.1109158,163.460329,20.3688,59.53819574,333.3462579,93.81176448,333.3462579,160.4184,43.69480504,25.59581429,66.93530781,25.79955039
KM.BG.g.me2,KMBGgme2,0.29406,36.90068,KM_BG_g_me2,2017,Cenchrus,Cenchrus_ciliaris,Kenya Mpala,Kenya,Kenya Mpala,Unwashed,Leaf Green,Native,N,N,Y,N,637.31,18.3,18.09438817,14.6233114,80.79177891,62.35067724,27.32797596,9.227976449,18.09999864,18.88663268,17.97042355,18.88663268,17.43114259,824.1109158,163.460329,20.3688,59.53819574,333.3462579,93.81176448,333.3462579,160.4184,43.69480504,25.59581429,66.93530781,25.79955039
KM.BG.g.mk1,KMBGgmk1,0.39645,36.86818,KM_BG_g_mk1,2017,Cenchrus,Cenchrus_ciliaris,Kenya Mpala,Kenya,Kenya Mpala,Unwashed,Leaf Green,Native,N,N,Y,N,637.31,18.3,18.12543294,14.68497735,81.58320675,62.71472247,27.30056428,9.300563729,18,18.95248872,18.00616858,18.95248872,17.47476047,771.7529152,158.1111616,17.6872384,61.52688993,316.8232768,84.3296768,316.8232768,157.6311616,45.31872986,26.1006975,69.82308236,26.32170441
KM.BG.g.mk2,KMBGgmk2,0.39645,36.86818,KM_BG_g_mk2,2017,Cenchrus,Cenchrus_ciliaris,Kenya Mpala,Kenya,Kenya Mpala,Unwashed,Leaf Green,Native,N,N,Y,N,637.31,18.3,18.12543294,14.68497735,81.58320675,62.71472247,27.30056428,9.300563729,18,18.95248872,18.00616858,18.95248872,17.47476047,771.7529152,158.1111616,17.6872384,61.52688993,316.8232768,84.3296768,316.8232768,157.6311616,45.31872986,26.1006975,69.82308236,26.32170441
KM.BG.g.rh1,KMBGgrh1,0.32394,36.90583,KM_BG_g_rh1,2017,Cenchrus,Cenchrus_ciliaris,Kenya Mpala,Kenya,Kenya Mpala,Unwashed,Leaf Green,Native,N,N,Y,N,637.31,18.3,18.26119093,14.63657623,81.12372249,62.67923916,27.47963775,9.437279761,18.04235799,19.064739,18.14761193,19.064739,17.59891892,831.6937933,170.1415238,20,61.92155828,343.1550912,93.59677824,332.6392051,157.0040218,44.24465008,25.77825846,67.81287001,25.98760526
KM.BG.g.rh2,KMBGgrh2,0.32394,36.90583,KM_BG_g_rh2,2017,Cenchrus,Cenchrus_ciliaris,Kenya Mpala,Kenya,Kenya Mpala,Unwashed,Leaf Green,Native,N,N,Y,N,637.31,18.3,18.26119093,14.63657623,81.12372249,62.67923916,27.47963775,9.437279761,18.04235799,19.064739,18.14761193,19.064739,17.59891892,831.6937933,170.1415238,20,61.92155828,343.1550912,93.59677824,332.6392051,157.0040218,44.24465008,25.77825846,67.81287001,25.98760526
KM.BG.g.rl1,KMBGgrl1,0.40794,36.90798,KM_BG_g_rl1,2017,Cenchrus,Cenchrus_ciliaris,Kenya Mpala,Kenya,Kenya Mpala,Unwashed,Leaf Green,Native,N,N,Y,N,637.31,18.3,18.66970688,14.76428017,82.02377736,65.09998918,27.89103958,9.891039867,18,19.51273299,18.56265374,19.51273299,17.98921339,856.0232038,186.4520038,21,68.03697152,373.8960026,96.66480128,373.8960026,142.3816013,46.90226619,26.36013472,72.33110275,26.5843369
KM.BG.g.rl2,KMBGgrl2,0.40794,36.90798,KM_BG_g_rl2,2017,Cenchrus,Cenchrus_ciliaris,Kenya Mpala,Kenya,Kenya Mpala,Unwashed,Leaf Green,Native,N,N,Y,N,637.31,18.3,18.66970688,14.76428017,82.02377736,65.09998918,27.89103958,9.891039867,18,19.51273299,18.56265374,19.51273299,17.98921339,856.0232038,186.4520038,21,68.03697152,373.8960026,96.66480128,373.8960026,142.3816013,46.90226619,26.36013472,72.33110275,26.5843369
KM.BG.sl.1,KMBGsl1,0.29259,36.8984,KM_BG_sl_1,2017,Cenchrus,Cenchrus_ciliaris,Kenya Mpala,Kenya,Kenya Mpala,Washed,Leaf Green,Native,N,N,Y,Y,637.31,18.3,18.03049237,14.63239883,80.84198413,62.23843602,27.26494698,9.164947292,18.09999899,18.82650304,17.90590428,18.82650304,17.36945782,814.2589888,160.7525472,19.9188,59.22344002,328.2834944,92.1842736,328.2834944,160.692,43.55123872,25.57875618,66.72014139,25.7820761
KM.BG.sr.1,KMBGsr1,0.29259,36.8984,KM_BG_sr_1,2017,Cenchrus,Cenchrus_ciliaris,Kenya Mpala,Kenya,Kenya Mpala,Washed,Root,Native,N,N,Y,Y,637.31,18.3,18.03049237,14.63239883,80.84198413,62.23843602,27.26494698,9.164947292,18.09999899,18.82650304,17.90590428,18.82650304,17.36945782,814.2589888,160.7525472,19.9188,59.22344002,328.2834944,92.1842736,328.2834944,160.692,43.55123872,25.57875618,66.72014139,25.7820761
KM.BG.ul.1,KMBGul1,0.29259,36.8984,KM_BG_ul_1,2017,Cenchrus,Cenchrus_ciliaris,Kenya Mpala,Kenya,Kenya Mpala,Unwashed,Leaf Green,Native,N,N,Y,Y,637.31,18.3,18.03049237,14.63239883,80.84198413,62.23843602,27.26494698,9.164947292,18.09999899,18.82650304,17.90590428,18.82650304,17.36945782,814.2589888,160.7525472,19.9188,59.22344002,328.2834944,92.1842736,328.2834944,160.692,43.55123872,25.57875618,66.72014139,25.7820761
KM.BG.ur.1,KMBGur1,0.29259,36.8984,KM_BG_ur_1,2017,Cenchrus,Cenchrus_ciliaris,Kenya Mpala,Kenya,Kenya Mpala,Unwashed,Root,Native,N,N,Y,Y,637.31,18.3,18.03049237,14.63239883,80.84198413,62.23843602,27.26494698,9.164947292,18.09999899,18.82650304,17.90590428,18.82650304,17.36945782,814.2589888,160.7525472,19.9188,59.22344002,328.2834944,92.1842736,328.2834944,160.692,43.55123872,25.57875618,66.72014139,25.7820761
BG.ITS.49,BGITS49,3.138583,35.8656,KT_BG_g_2,2016,Cenchrus,Cenchrus_ciliaris,Kenya Turkana,Kenya,Kenya Turkana,Unwashed,Leaf Green,Native,N,N,Y,N,182,28.9,29.30408983,13.63806611,89.28975122,58.44227956,36.88700523,21.61299643,15.2740088,29.86295468,29.33549969,29.91295453,28.67639275,195.8028958,45.04442512,4,71.53307776,96.68358048,18.74008,79.04442512,31.28646512,14.84485688,36.50290943,20.49340149,37.12660966
BG.ITS.50,BGITS50,3.138583,35.8656,KT_BG_g_3,2016,Cenchrus,Cenchrus_ciliaris,Kenya Turkana,Kenya,Kenya Turkana,Unwashed,Leaf Green,Native,N,N,Y,N,182,28.9,29.30408983,13.63806611,89.28975122,58.44227956,36.88700523,21.61299643,15.2740088,29.86295468,29.33549969,29.91295453,28.67639275,195.8028958,45.04442512,4,71.53307776,96.68358048,18.74008,79.04442512,31.28646512,14.84485688,36.50290943,20.49340149,37.12660966
KT.BG.g.4,KTBGg4,3.136885,35.866514,KT_BG_g_4,2017,Cenchrus,Cenchrus_ciliaris,Kenya Turkana,Kenya,Kenya Turkana,Unwashed,Leaf Green,Native,N,N,Y,N,182,28.9,29.30310504,13.66479299,89.26929922,58.69493133,36.90000153,21.59262035,15.30738117,29.86546368,29.33210399,29.91669389,28.67410244,196.8571241,45.18424,4.038252016,71.29888139,96.96330403,19.11475605,79.22249202,31.66862403,14.89644933,36.51223395,20.56359407,37.13584352
KT.BG.g.5,KTBGg5,3.135352,35.866007,KT_BG_g_5,2017,Cenchrus,Cenchrus_ciliaris,Kenya Turkana,Kenya,Kenya Turkana,Unwashed,Leaf Green,Native,N,N,Y,N,182,28.9,29.30020978,13.68064204,89.26554812,58.785466,36.90000153,21.57422428,15.32577724,29.86222027,29.32903803,29.91651653,28.67187311,199.22483,45.67384,4.149284282,71.22816601,98.22540856,19.44785284,79.82312428,32.13548856,14.95839326,36.51918161,20.64655872,37.14275594
x7,x7,27.16867,-97.929903,TX_LP_Wet_C_cenchrus,2015,Cenchrus,Cenchrus_ciliaris,La Paloma,US,TX,Unwashed,Leaf Green,Invasive,Y,Y,Y,N,660.7,22.61,22.19657194,11.70336151,42.54754957,579.1122357,34.9740404,7.467497857,27.50654269,26.37468,16.02497059,28.77282468,14.52211663,646.5421383,108.9345783,19.02293826,49.9729642,251.17124,90.02293826,202.2366617,100,39.20476851,28.83670672,62.51055377,28.056892
x8,x8,27.16867,-97.929903,TX_LP_Wet_C_cenchrus,2015,Cenchrus,Cenchrus_ciliaris,La Paloma,US,TX,Unwashed,Leaf Green,Invasive,Y,Y,Y,N,660.7,22.61,22.19657194,11.70336151,42.54754957,579.1122357,34.9740404,7.467497857,27.50654269,26.37468,16.02497059,28.77282468,14.52211663,646.5421383,108.9345783,19.02293826,49.9729642,251.17124,90.02293826,202.2366617,100,39.20476851,28.83670672,62.51055377,28.056892
BG.ITS.19,BGITS19,27.168536,-97.92992,LP_BG_g_2,2016,Cenchrus,Cenchrus_ciliaris,La Paloma,US,TX,Unwashed,Leaf Green,Invasive,Y,Y,Y,N,660.7,22.61,22.19614445,11.70291052,42.54590079,579.1109032,34.97243242,7.46588418,27.5065484,26.37414401,16.02463365,28.77222164,14.5215457,646.5762815,108.9345215,19.02492147,49.969218,251.18528,90.02492147,202.2507585,100,39.20450694,28.83638806,62.51091915,28.05654411
BG.ITS.20,BGITS20,27.168587,-97.929934,LP_BG_g_3,2016,Cenchrus,Cenchrus_ciliaris,La Paloma,US,TX,Unwashed,Leaf Green,Invasive,Y,Y,Y,N,660.7,22.61,22.19627644,11.70318452,42.54662153,579.1132634,34.97304441,7.466318141,27.50672643,26.37434801,16.02464998,28.77239931,14.52169202,646.5639411,108.9327411,19.02482108,49.96949153,251.17748,90.02482108,202.2447389,100,39.20459577,28.83655761,62.51036868,28.05672102
BG.ITS.21,BGITS21,27.192885,-97.966307,LP_BG_g_4,2016,Cenchrus,Cenchrus_ciliaris,La Paloma,US,TX,Unwashed,Leaf Green,Invasive,Y,Y,Y,N,646.56,22.64,22.25674213,11.95791367,42.81933211,581.8652729,35.28078253,7.354316139,27.92646709,26.45663682,16.04238535,28.85171634,14.53477199,648.3538,107,19.16162999,49.22079263,250.19217,90.16162999,203.83837,100,39.30167395,28.98902072,62.33371503,28.20686546
BG.ITS.22,BGITS22,27.16867,-97.929903,LP_BG_g_5,2016,Cenchrus,Cenchrus_ciliaris,La Paloma,US,TX,Unwashed,Leaf Green,Invasive,Y,Y,Y,N,660.7,22.61,22.19657194,11.70336151,42.54754957,579.1122357,34.9740404,7.467497857,27.50654269,26.37468,16.02497059,28.77282468,14.52211663,646.5421383,108.9345783,19.02293826,49.9729642,251.17124,90.02293826,202.2366617,100,39.20476851,28.83670672,62.51055377,28.056892
BG.ITS.23,BGITS23,27.192596,-97.966066,LP_BG_g_6,2016,Cenchrus,Cenchrus_ciliaris,La Paloma,US,TX,Unwashed,Leaf Green,Invasive,Y,Y,Y,N,646.56,22.64,22.25641947,11.95526363,42.81890557,581.7799258,35.27777541,7.357208136,27.92056796,26.45501797,16.04286735,28.8506563,14.535736,648.38848,107,19.16623836,49.22017654,250.2222416,90.16623836,203.8337616,100,39.30141831,28.98796159,62.33311338,28.20580095
BG.ITS.24,BGITS24,27.168868,-97.929887,LP_BG_g_7,2016,Cenchrus,Cenchrus_ciliaris,La Paloma,US,TX,Unwashed,Leaf Green,Invasive,Y,Y,Y,N,660.7,22.61,22.19718994,11.7040735,42.55004078,579.1149446,34.97641636,7.46981063,27.50660587,26.37547199,16.02542005,28.77369121,14.52293008,646.492066,108.933946,19.02038601,49.97798176,251.1494,90.02038601,202.215454,100,39.20515095,28.83719912,62.50983088,28.0574259
BG.ITS.25,BGITS25,27.168928,-97.929914,LP_BG_g_8,2016,Cenchrus,Cenchrus_ciliaris,La Paloma,US,TX,Unwashed,Leaf Green,Invasive,Y,Y,Y,N,660.7,22.61,22.19732943,11.70444849,42.55092118,579.1187731,34.97713635,7.470218472,27.50691802,26.37571199,16.02538002,28.77387523,14.52306406,646.4777844,108.9308244,19.02050444,49.97771612,251.13896,90.02050444,202.2081356,100,39.20524911,28.83742339,62.50897133,28.05765688
BG.ITS.26,BGITS26,27.168957,-97.929937,LP_BG_g_9,2016,Cenchrus,Cenchrus_ciliaris,La Paloma,US,TX,Unwashed,Leaf Green,Invasive,Y,Y,Y,N,660.7,22.61,22.19738193,11.70467949,42.5513818,579.1215894,34.97748434,7.470321407,27.50716308,26.37582799,16.02530518,28.77394007,14.52309321,646.4711338,108.9283738,19.02081379,49.97703112,251.13272,90.02081379,202.2043462,100,39.20529079,28.83755523,62.50835569,28.05779012
LP.BG.sl.1,LPBGsl1,27.16867,-97.929903,LP_BG_sl_1,2017,Cenchrus,Cenchrus_ciliaris,La Paloma,US,TX,Washed,Leaf Green,Invasive,N,N,N,Y,660.7,22.61,22.19657194,11.70336151,42.54754957,579.1122357,34.9740404,7.467497857,27.50654269,26.37468,16.02497059,28.77282468,14.52211663,646.5421383,108.9345783,19.02293826,49.9729642,251.17124,90.02293826,202.2366617,100,39.20476851,28.83670672,62.51055377,28.056892
LP.BG.sr.1,LPBGsr1,27.16867,-97.929903,LP_BG_sr_1,2017,Cenchrus,Cenchrus_ciliaris,La Paloma,US,TX,Washed,Root,Invasive,N,N,N,Y,660.7,22.61,22.19657194,11.70336151,42.54754957,579.1122357,34.9740404,7.467497857,27.50654269,26.37468,16.02497059,28.77282468,14.52211663,646.5421383,108.9345783,19.02293826,49.9729642,251.17124,90.02293826,202.2366617,100,39.20476851,28.83670672,62.51055377,28.056892
LP.BG.ul.1,LPBGul1,27.16867,-97.929903,LP_BG_ul_1,2017,Cenchrus,Cenchrus_ciliaris,La Paloma,US,TX,Unwashed,Leaf Green,Invasive,N,N,Y,Y,660.7,22.61,22.19657194,11.70336151,42.54754957,579.1122357,34.9740404,7.467497857,27.50654269,26.37468,16.02497059,28.77282468,14.52211663,646.5421383,108.9345783,19.02293826,49.9729642,251.17124,90.02293826,202.2366617,100,39.20476851,28.83670672,62.51055377,28.056892
LP.BG.ur.1,LPBGur1,27.16867,-97.929903,LP_BG_ur_1,2017,Cenchrus,Cenchrus_ciliaris,La Paloma,US,TX,Unwashed,Root,Invasive,N,N,N,Y,660.7,22.61,22.19657194,11.70336151,42.54754957,579.1122357,34.9740404,7.467497857,27.50654269,26.37468,16.02497059,28.77282468,14.52211663,646.5421383,108.9345783,19.02293826,49.9729642,251.17124,90.02293826,202.2366617,100,39.20476851,28.83670672,62.51055377,28.056892
BG.ITS.45,BGITS45,29.218172,-100.778096,MD_BG_g_1,2016,Cenchrus,Cenchrus_ciliaris,Moody Ranch Del Rio,US,TX,Unwashed,Leaf Green,Invasive,N,N,Y,N,516.35,21.57,20.92398446,13.07984489,41.01911153,710.8857666,35.88715323,4,31.88715323,25.89357572,12.46384191,29.19426046,11.74717481,511.8965686,78,16,49.56342409,185.0874486,56,159.2783286,58,37.30016183,28.27141402,45.09781906,27.75050475
BG.ITS.46,BGITS46,29.218138,-100.778079,MD_BG_g_2,2016,Cenchrus,Cenchrus_ciliaris,Moody Ranch Del Rio,US,TX,Unwashed,Leaf Green,Invasive,N,N,Y,N,516.35,21.57,20.9239044,13.07967049,41.01882638,710.8847944,35.88694923,4,31.88694923,25.89347372,12.46378817,29.19417819,11.74712108,511.8953846,78,16,49.56281362,185.0883046,56,159.2812246,58,37.30038295,28.27138377,45.09787261,27.75045302
BG.ITS.47,BGITS47,33.409545,-111.876098,PA_BG_g_2,2016,Cenchrus,Cenchrus_ciliaris,Phoenix,US,AZ,Unwashed,Leaf Green,Invasive,N,N,Y,N,236.64,22.46,22.17162458,16.35584003,45.20987604,778.0511421,40.91305912,4.735459945,36.1775989,31.51528698,25.36773011,31.78964844,12.98462436,221.39552,30.2376621,2,47.38243706,73.2376621,13,54.2376621,70.36824,15.2707642,30.34108069,19.21462903,30.34297244
BG.ITS.48,BGITS48,33.45745,-111.830859,PA_BG_g_3,2016,Cenchrus,Cenchrus_ciliaris,Phoenix,US,AZ,Unwashed,Leaf Green,Invasive,N,N,Y,N,244.07,22.37,21.91571973,16.87209375,46.30168122,767.3911131,40.79199801,4.35259875,36.43939861,14.27824904,25.04173408,31.41716718,12.86024852,239.2587735,31,2,46.24840319,79.27093352,15,56.31398648,75.87693352,16.49704315,30.34051941,20.6805932,30.34758138
PA.BG.g.4,PABGg4,33.274551,-111.361745,PA_BG_g_4,2017,Cenchrus,Cenchrus_ciliaris,Phoenix,US,AZ,Unwashed,Leaf Green,Invasive,N,N,Y,N,288.34,22.08,21.64005259,16.45080891,44.76837882,806.9849857,41.04632729,4.300000191,36.74632806,31.43210942,24.50868084,31.44285076,12.10096001,324.51956,44,3,47.56022582,104.4963015,21,79.49630153,103.53672,22.48847802,30.05362247,26.52531183,30.05471434
BG.ITS.39,BGITS39,26.58671,-97.879452,RA_BG_g_1,2016,Cenchrus,Cenchrus_ciliaris,Raymondville,US,TX,Unwashed,Leaf Green,Invasive,N,N,Y,N,631.78,23.36,22.63325657,11.46482475,42.77919654,554.7196405,35.20000076,8.399999619,26.80000114,26.61729155,19.76565709,28.95057142,15.26514053,665.0508221,132.96576,17,56.85013694,263.1831081,89.9052,200.091554,106,39.16778981,29.23677156,69.62611276,28.3450315
BG.ITS.40,BGITS40,26.586713,-97.879491,RA_BG_g_2,2016,Cenchrus,Cenchrus_ciliaris,Raymondville,US,TX,Unwashed,Leaf Green,Invasive,N,N,Y,N,631.78,23.36,22.63335708,11.46501743,42.77991548,554.7212786,35.20000076,8.399999619,26.80000114,26.61737671,19.76574109,28.95064942,15.2651537,665.0444932,132.96108,17,56.8493708,263.1815288,89.90556,200.0907644,106,39.16750401,29.23692607,69.62510838,28.34518635
BG.ITS.41,BGITS41,26.586703,-97.879524,RA_BG_g_3,2016,Cenchrus,Cenchrus_ciliaris,Raymondville,US,TX,Unwashed,Leaf Green,Invasive,N,N,Y,N,631.78,23.36,22.63342958,11.46512825,42.78032898,554.7236661,35.20000076,8.399999619,26.80000114,26.6174498,19.76578709,28.95071542,15.26514079,665.0404569,132.95712,17,56.84892214,263.1830779,89.90436,200.091539,106,39.16719249,29.23701987,69.62441151,28.34527805
BG.ITS.42,BGITS42,27.751349,-99.509355,RE_BG_g_1,2016,Cenchrus,Cenchrus_ciliaris,Retama,US,TX,Unwashed,Leaf Green,Invasive,N,N,Y,N,518.77,22.51,22.12222612,13.43464066,43.11197295,654.8364894,36.96226058,5.800000191,31.16226134,26.61250363,15.38333321,29.61871698,13.493132,494.675414,76,19.24979351,47.07868308,185.3774,67.24979351,142.2497935,68.24979351,33.68803794,29.62178348,44.26463589,28.83943268
BG.ITS.43,BGITS43,27.751407,-99.509286,RE_BG_g_2,2016,Cenchrus,Cenchrus_ciliaris,Retama,US,TX,Unwashed,Leaf Green,Invasive,N,N,Y,N,518.77,22.51,22.12195803,13.4346287,43.11308087,654.8197773,36.96143259,5.800000191,31.16143335,26.61236756,15.38333321,29.61830683,13.49315207,494.6941528,76,19.25795821,47.07706473,185.38568,67.25795821,142.2579582,68.25795821,33.68913687,29.62164357,44.26547299,28.83928529
BG.ITS.44,BGITS44,27.751449,-99.509313,RE_BG_g_3,2016,Cenchrus,Cenchrus_ciliaris,Retama,US,TX,Unwashed,Leaf Green,Invasive,N,N,Y,N,518.77,22.51,22.12196901,13.4347227,43.11293414,654.8252264,36.96175658,5.800000191,31.16175735,26.61237155,15.38333321,29.61836881,13.49306408,494.6831147,76,19.25771867,47.07847466,185.38244,67.25771867,142.2577187,68.25771867,33.68931952,29.62162659,44.26544298,28.8392704
RE.BG.g.4,REBGg4,27.762477,-99.512661,RE_BG_g_4,2017,Cenchrus,Cenchrus_ciliaris,Retama,US,TX,Unwashed,Leaf Green,Invasive,N,N,Y,N,518.77,22.51,22.10072376,13.46659951,43.29790418,653.2903477,36.90220416,5.800000191,31.10220492,26.58439018,15.38365609,29.56845797,13.48365558,498.9064266,76,19.97797332,46.77939721,186.9752133,67.97797332,142.9779733,68.97797332,33.75614858,29.61467214,44.28523993,28.83249748
RE.BG.g.5,REBGg5,27.723196,-99.583218,RE_BG_g_5,2017,Cenchrus,Cenchrus_ciliaris,Retama,US,TX,Unwashed,Leaf Green,Invasive,N,N,Y,N,513.15,22.86,22.24853807,13.39566568,42.94658409,660.0115051,37.06318343,5.871648122,31.19153592,26.74340283,15.53441383,29.79583103,13.5405494,483.5059922,75,17.13783608,48.25382654,183,63.50599217,137,66.36815608,32.93366224,29.69538743,43.27390281,28.92067419
CA.BB.g.1,CABBg1,28.343782,-99.615378,CA_BB_g_1,2017,Cenchrus,Cenchrus_ciliaris_blue?,Catarina,US,TX,Unwashed,Leaf Green,Invasive,N,N,Y,N,495.47,22.51,21.94976948,13.70057142,43.16407596,669.2606418,37.02461562,5.283885511,31.74073076,26.62352841,13.17654506,29.63331364,13.17654506,532.9279985,74.34536,23,45.37912292,189.8299724,72.73965382,165.34536,72.73965382,40.95196293,29.51478742,43.82961723,28.75602319
MD.Ch.g.1,MDChg1,29.217771,-100.777666,MD_Ch_g_1,2017,Chloris,Chloris,Moody Ranch Del Rio,US,TX,Unwashed,Leaf Green,Native,N,N,N,N,516.35,21.57,20.92193924,13.07531348,41.01152118,710.8545711,35.88199311,4,31.88199311,25.89099576,12.4625628,29.19209947,11.74589574,511.9265042,78,16,49.5587214,185.1139042,56,159.3013042,58,37.30402113,28.27022072,45.09824933,27.7491018
RA.Ch.g.1,RAChg1,26.586701,-97.879755,RA_Ch_g_1,2017,Chloris,Chloris,Raymondville,US,TX,Unwashed,Leaf Green,Native,N,N,N,N,631.78,23.36,22.6340051,11.46618632,42.78427696,554.7349484,35.20000076,8.399999619,26.80000114,26.61795626,19.76624509,28.95117741,15.26518125,665.0049726,132.9294,17,56.84470577,263.1782217,89.90412,200.0891109,106,39.16538975,29.23787669,69.61870354,28.34613315
BG.ITS.29,BGITS29,27.168567,-97.929348,LP_Hc_g_3,2016,Heteropogon,Heteropogon_contortus,La Paloma,US,TX,Unwashed,Leaf Green,Invasive,N,Y,N,N,660.7,22.61,22.1970955,11.70017449,42.54363575,579.0601663,34.97280441,7.471219812,27.50158474,26.37426801,16.02781087,28.77380634,14.52364094,646.5498378,108.9841578,19.00591785,50.00208131,251.2502,90.00591785,202.2660422,100,39.20486185,28.83512198,62.52225033,28.05538938
BG.ITS.16,BGITS16,28.271515,-100.165215,IF_Hm_g_2,2016,Hilaria,Hilaria_mutica,Indio Faith,US,TX,Unwashed,Leaf Green,Native,N,Y,N,N,525.34,22.23,21.43276961,13.93357089,44.64720713,660.0648965,36.29999924,5.091819912,31.20817889,25.84955621,13.5153031,28.96622301,12.78196951,503.4360991,87,16,57.12409091,201.4360991,54,153.0818,59,37.33158594,29.07247712,44.47805309,28.30079084
BG.ITS.17,BGITS17,28.271468,-100.165179,IF_Hm_g_3,2016,Hilaria,Hilaria_mutica,Indio Faith,US,TX,Unwashed,Leaf Green,Native,N,Y,N,N,525.34,22.23,21.43281116,13.93355999,44.64797703,660.0629138,36.29999924,5.092383912,31.20761488,25.84959232,13.5153971,28.96625912,12.78206351,503.4248322,87,16,57.12383333,201.4248322,54,153.07616,59,37.33159582,29.07251089,44.47801193,28.30082865
x10,x10,27.169026,-97.929614,TX_LP_Wet_P_maximum,2015,Megathyrsus,Megathyrsus_maximus,La Paloma,US,TX,Unwashed,Leaf Green,Native,N,Y,N,N,660.7,22.61,22.19807345,11.70334048,42.55109319,579.091959,34.97831233,7.474108237,27.50420422,26.37610398,16.02722829,28.77501492,14.52450833,646.4454021,108.9579621,19.01164212,49.99654935,251.1632,90.01164212,202.2052379,100,39.20560588,28.83697894,62.51448935,28.0572868
RA.Pa.g.1,RAPag1,26.586694,-97.879669,RA_Pa_g_1,2017,Panicum,Panicum_antidotale,Raymondville,US,TX,Unwashed,Leaf Green,Invasive,N,N,N,N,631.78,23.36,22.63378309,11.46575961,42.78268478,554.7313672,35.20000076,8.399999619,26.80000114,26.61776862,19.76605909,28.95100541,15.26515161,665.0189492,132.93972,17,56.84640313,263.1817794,89.90328,200.0908897,106,39.1660178,29.23753482,69.62092299,28.34579045
x6,x6,28.271322,-100.165213,TX_IF_Wet_P_bicolor,2015,Pappophorum,Pappophorum_bicolor,Indio Faith,US,TX,Unwashed,Leaf Green,Native,N,Y,N,N,525.34,22.23,21.43292908,13.93350388,44.65029741,660.0556412,36.29999924,5.09413591,31.20586288,25.84968221,13.51568909,28.966349,12.78235551,503.4046583,87,16,57.12337871,201.4046583,54,153.05864,59,37.33057418,29.07256532,44.47761438,28.30089868
BG.ITS.18,BGITS18,28.271408,-100.16534,IF_Pb_g_3,2016,Pappophorum,Pappophorum_bicolor,Indio Faith,US,TX,Unwashed,Leaf Green,Native,N,Y,N,N,525.34,22.23,21.43284934,13.93351637,44.6488649,660.0588972,36.29999924,5.093103911,31.20689488,25.84960869,13.5155171,28.96627549,12.78218351,503.4317169,87,16,57.12400001,201.4317169,54,153.06896,59,37.33011575,29.07248253,44.47757704,28.30080982
MD.Pb.g.1,MDPbg1,29.220343,-100.778313,MD_Pb_g_1,2017,Pappophorum,Pappophorum_bicolor,Moody Ranch Del Rio,US,TX,Unwashed,Leaf Green,Native,N,N,N,N,516.35,21.57,20.92492363,13.08157382,41.0211877,710.8708322,35.88975729,4,31.88975729,25.8948777,12.46485931,29.1949791,11.74819223,512.1400124,78,16,49.61150362,185.0964124,56,159.0528124,58,37.29078529,28.27018431,45.09366706,27.75081262
MD.Pb.g.2,MDPbg2,29.220342,-100.778313,MD_Pb_g_2,2017,Pappophorum,Pappophorum_bicolor,Moody Ranch Del Rio,US,TX,Unwashed,Leaf Green,Native,N,N,N,N,516.35,21.57,20.92492369,13.08157413,41.02118867,710.8708491,35.88975729,4,31.88975729,25.8948777,12.46485911,29.19497931,11.74819202,512.1398801,78,16,49.6114806,185.0964001,56,159.0529201,58,37.29078906,28.27018523,45.09366904,27.75081282
BG.ITS.31,BGITS31,27.168501,-97.929347,LP_Se_g_1,2016,Setaria,Setaria,La Paloma,US,TX,Unwashed,Leaf Green,Native,N,Y,N,N,660.7,22.61,22.196899,11.6999055,42.54269763,579.0591925,34.97201243,7.470453688,27.50155888,26.37400402,16.02768719,28.77354203,14.52338325,646.5658166,108.9844166,19.0060566,50.00079209,251.25824,90.0060566,202.2738234,100,39.20473344,28.83494272,62.52261693,28.05519744
BG.ITS.32,BGITS32,27.168467,-97.929353,LP_Se_g_2,2016,Setaria,Setaria,La Paloma,US,TX,Unwashed,Leaf Green,Native,N,Y,N,N,660.7,22.61,22.196788,11.6997995,42.54224603,579.0592678,34.97160443,7.470002963,27.50160161,26.37386802,16.02758807,28.77338915,14.52322813,646.5742693,108.9839893,19.00634935,49.99976052,251.2616,90.00634935,202.2776107,100,39.20466399,28.83486575,62.52267489,28.05511274
MD.Ss.g.1,MDSsg1,29.217783,-100.777653,MD_Ss_g_1,2017,Sporobolus,Sporobolus,Moody Ranch Del Rio,US,TX,Unwashed,Leaf Green,Native,N,N,N,N,516.35,21.57,20.92187554,13.07516527,41.01125645,710.8530115,35.88183711,4,31.88183711,25.89091776,12.46253161,29.19202666,11.74586454,511.9307525,78,16,49.55910329,185.1151525,56,159.2995525,58,37.30404752,28.27016264,45.09821708,27.74905493
RE.Se.g.1,RESeg1,27.751451,-99.509259,RE_Se_g_1,2017,Sporobolus,Sporobolus,Retama,US,TX,Unwashed,Leaf Green,Native,N,N,N,N,518.77,22.51,22.1218211,13.43465387,43.11361026,654.8127771,36.96110859,5.800000191,31.16110936,26.61229721,15.38333321,29.61811215,13.49313442,494.700475,76,19.26217875,47.07665241,185.38892,67.26217875,142.2621788,68.26217875,33.68976972,29.62156504,44.26589886,28.83920356
RE.Ss.g.1,RESsg1,27.751565,-99.509369,RE_Ss_g_1,2017,Sporobolus,Sporobolus,Retama,US,TX,Unwashed,Leaf Green,Native,N,N,N,N,518.77,22.51,22.12195238,13.43495654,43.11275461,654.8362764,36.96242857,5.800000191,31.16242934,26.61235986,15.38333321,29.61845743,13.49284378,494.6580809,76,19.25842022,47.08182625,185.37572,67.25842022,142.2584202,68.25842022,33.68996942,29.6215597,44.26551286,28.83920747
x9,x9,27.168595,-97.929592,TX_LP_Wet_S_cryptandrum,2015,Sporobolus,Sporobolus_cryptandrus,La Paloma,US,TX,Unwashed,Leaf Green,Native,N,Y,N,N,660.7,22.61,22.19681348,11.7015065,42.54515282,579.0825665,34.97314041,7.469406964,27.50373359,26.37438001,16.02653275,28.77330049,14.52290681,646.5509093,108.9626693,19.01370934,49.98891406,251.21756,90.01370934,202.2548907,100,39.20478925,28.83577247,62.51719965,28.05600041
BG.ITS.30,BGITS30,27.168739,-97.929825,LP_Sc_g_2,2016,Sporobolus,Sporobolus_cryptandrus,La Paloma,US,TX,Unwashed,Leaf Green,Native,N,Y,N,N,660.7,22.61,22.19689595,11.7032475,42.5481066,579.1065044,34.97486838,7.468953458,27.50591507,26.374956,16.02552518,28.77330807,14.52265323,646.5224943,108.9408543,19.01985428,49.97878315,251.17232,90.01985428,202.2314657,100,39.20494073,28.83670756,62.51175782,28.05692064
